{
  "results": [
    {
      "command": "clingo invaders.lp aliens3.lp --time-limit=300 --sat-p",
      "mean": 23.064600679040005,
      "stddev": 0.9944038193406415,
      "median": 22.90406699034,
      "user": 23.04579716,
      "system": 0.015945756000000002,
      "min": 21.59011460034,
      "max": 24.67320702034,
      "times": [
        23.970013971340002,
        24.67320702034,
        22.09482315834,
        22.32422051034,
        22.479106972340002,
        22.63853239934,
        21.59011460034,
        23.69459989934,
        23.16960158134,
        24.01178667734
      ],
      "exit_codes": [
        10,
        10,
        10,
        10,
        10,
        10,
        10,
        10,
        10,
        10
      ]
    }
  ]
}
