{
  "results": [
    {
      "command": "clingo invaders.lp aliens1.lp --configuration=trendy --time-limit=300",
      "mean": 0.020603233980000003,
      "stddev": 0.001574218100625464,
      "median": 0.02001747668,
      "user": 0.0179027,
      "system": 0.003098004,
      "min": 0.01888458418,
      "max": 0.02376021818,
      "times": [
        0.019825238180000003,
        0.01949167018,
        0.02376021818,
        0.019027547180000003,
        0.021573152180000003,
        0.01972818918,
        0.01888458418,
        0.02226305718,
        0.02020971518,
        0.02126896818
      ],
      "exit_codes": [
        10,
        10,
        10,
        10,
        10,
        10,
        10,
        10,
        10,
        10
      ]
    },
    {
      "command": "clingo invaders.lp aliens2.lp --configuration=trendy --time-limit=300",
      "mean": 0.15898700348,
      "stddev": 0.015093643213941596,
      "median": 0.15273905618,
      "user": 0.15441909999999998,
      "system": 0.004918304,
      "min": 0.14912150418,
      "max": 0.19792250718,
      "times": [
        0.15514294018000002,
        0.17126178918,
        0.15275272918000002,
        0.15260253118,
        0.15045211018000001,
        0.15013142318,
        0.15775711718000002,
        0.19792250718,
        0.15272538318,
        0.14912150418
      ],
      "exit_codes": [
        10,
        10,
        10,
        10,
        10,
        10,
        10,
        10,
        10,
        10
      ]
    },
    {
      "command": "clingo invaders.lp aliens3.lp --configuration=trendy --time-limit=300",
      "mean": 1.37399144538,
      "stddev": 0.01702454364896138,
      "median": 1.36719856218,
      "user": 1.3559529000000001,
      "system": 0.017101384,
      "min": 1.3453736611799998,
      "max": 1.39684300618,
      "times": [
        1.39684300618,
        1.36900091418,
        1.38920908118,
        1.36474798718,
        1.36539621018,
        1.3918227961799998,
        1.3624869341799999,
        1.3453736611799998,
        1.39123505818,
        1.3637988051799999
      ],
      "exit_codes": [
        10,
        10,
        10,
        10,
        10,
        10,
        10,
        10,
        10,
        10
      ]
    },
    {
      "command": "clingo invaders.lp aliens4.lp --configuration=trendy --time-limit=300",
      "mean": 1.48453658888,
      "stddev": 0.021642656424383733,
      "median": 1.4825168896799998,
      "user": 1.4554487999999997,
      "system": 0.028100784,
      "min": 1.45068959718,
      "max": 1.51273012418,
      "times": [
        1.45068959718,
        1.51273012418,
        1.46182603618,
        1.5042040901799998,
        1.46178608818,
        1.48232381718,
        1.4803646341799999,
        1.4997316101799998,
        1.48270996218,
        1.50899992918
      ],
      "exit_codes": [
        10,
        10,
        10,
        10,
        10,
        10,
        10,
        10,
        10,
        10
      ]
    },
    {
      "command": "clingo invaders.lp aliens5.lp --configuration=trendy --time-limit=300",
      "mean": 8.48207180438,
      "stddev": 0.13032924154236636,
      "median": 8.45577271318,
      "user": 8.4468171,
      "system": 0.029089959999999998,
      "min": 8.34508735718,
      "max": 8.79567270618,
      "times": [
        8.79567270618,
        8.34508735718,
        8.364959691180001,
        8.45009883518,
        8.43256413018,
        8.47054018018,
        8.60232916418,
        8.46144659118,
        8.42287358718,
        8.47514580118
      ],
      "exit_codes": [
        10,
        10,
        10,
        10,
        10,
        10,
        10,
        10,
        10,
        10
      ]
    },
    {
      "command": "clingo invaders.lp aliens6.lp --configuration=trendy --time-limit=300",
      "mean": 30.88369872998,
      "stddev": 0.4542596793321133,
      "median": 30.77316522718,
      "user": 30.787196499999993,
      "system": 0.07192546,
      "min": 30.43407771418,
      "max": 31.79151155418,
      "times": [
        30.54541733618,
        30.73940829718,
        30.48458611718,
        30.858827024180002,
        31.59536653018,
        31.79151155418,
        30.80692215718,
        30.73585426918,
        30.43407771418,
        30.84501630018
      ],
      "exit_codes": [
        10,
        10,
        10,
        10,
        10,
        10,
        10,
        10,
        10,
        10
      ]
    },
    {
      "command": "clingo invaders.lp aliens7.lp --configuration=trendy --time-limit=300",
      "mean": 300.00539310338,
      "stddev": 0.000547821747570894,
      "median": 300.00520496768,
      "user": 299.81204969999993,
      "system": 0.10437435999999997,
      "min": 300.00471792618,
      "max": 300.00634834417997,
      "times": [
        300.00513613818,
        300.00471792618,
        300.00601998118,
        300.00505198518,
        300.00634834417997,
        300.00592374018,
        300.00488168718,
        300.00527379718,
        300.00499029518,
        300.00558713917997
      ],
      "exit_codes": [
        1,
        1,
        1,
        1,
        1,
        1,
        1,
        1,
        1,
        1
      ]
    },
    {
      "command": "clingo invaders.lp aliens8.lp --configuration=trendy --time-limit=300",
      "mean": 57.68147029658,
      "stddev": 0.28690786761276527,
      "median": 57.67002983018,
      "user": 57.41140090000001,
      "system": 0.22782976000000002,
      "min": 57.29598018518,
      "max": 58.28715093818,
      "times": [
        57.29598018518,
        57.54126079918,
        57.40963848518,
        57.69709537918,
        57.99211532418,
        57.64496570518,
        57.69509395518,
        57.74266080218,
        57.50874139218,
        58.28715093818
      ],
      "exit_codes": [
        10,
        10,
        10,
        10,
        10,
        10,
        10,
        10,
        10,
        10
      ]
    },
    {
      "command": "clingo invaders.lp aliens9.lp --configuration=trendy --time-limit=300",
      "mean": 300.00600279288,
      "stddev": 0.001146859314714163,
      "median": 300.00552861517997,
      "user": 299.7548729,
      "system": 0.17656576,
      "min": 300.00476326017997,
      "max": 300.00820847418,
      "times": [
        300.00553900118,
        300.00551822918,
        300.00548975518,
        300.00626715218,
        300.00476326017997,
        300.00820847418,
        300.00640555518,
        300.00522649518,
        300.00766617718,
        300.00494382918
      ],
      "exit_codes": [
        1,
        1,
        1,
        1,
        1,
        1,
        1,
        1,
        1,
        1
      ]
    },
    {
      "command": "clingo invaders.lp aliens10.lp --configuration=trendy --time-limit=300",
      "mean": 300.00771870048,
      "stddev": 0.001138677086041745,
      "median": 300.00755040167996,
      "user": 299.5835865,
      "system": 0.33412366,
      "min": 300.00640948318,
      "max": 300.00927095018,
      "times": [
        300.00910266618,
        300.00782329817997,
        300.00708507118,
        300.00785199918,
        300.00727750518,
        300.00927095018,
        300.00670485818,
        300.00923639918,
        300.00642477418,
        300.00640948318
      ],
      "exit_codes": [
        1,
        1,
        1,
        1,
        1,
        1,
        1,
        1,
        1,
        1
      ]
    }
  ]
}
