{
  "results": [
    {
      "command": "clingo invaders.lp aliens3.lp --time-limit=300",
      "mean": 300.00519141425997,
      "stddev": 0.0012095294190373283,
      "median": 300.00497370506,
      "user": 299.9480166799999,
      "system": 0.031291879999999994,
      "min": 300.00329824706,
      "max": 300.00779466306,
      "times": [
        300.00329824706,
        300.00495694306,
        300.00455277606,
        300.00457324506,
        300.00593502006,
        300.00779466306,
        300.00582480206,
        300.00432756806,
        300.00499046706,
        300.00566041106
      ],
      "exit_codes": [
        1,
        1,
        1,
        1,
        1,
        1,
        1,
        1,
        1,
        1
      ]
    }
  ]
}
