{
  "results": [
    {
      "command": "clingo invaders.lp balanced1.lp --configuration=jumpy --time-limit=300",
      "mean": 0.017817131640000004,
      "stddev": 0.0016425705036272368,
      "median": 0.01760773444,
      "user": 0.01587016,
      "system": 0.001849894,
      "min": 0.01548761794,
      "max": 0.02134405694,
      "times": [
        0.01604014994,
        0.01704089694,
        0.01929415094,
        0.01749566994,
        0.02134405694,
        0.01770497794,
        0.01548761794,
        0.01793538894,
        0.01751049094,
        0.018317915940000002
      ],
      "exit_codes": [
        10,
        10,
        10,
        10,
        10,
        10,
        10,
        10,
        10,
        10
      ]
    },
    {
      "command": "clingo invaders.lp balanced2.lp --configuration=jumpy --time-limit=300",
      "mean": 0.20734813654,
      "stddev": 0.00929789480746995,
      "median": 0.20654309194,
      "user": 0.20436005999999995,
      "system": 0.002937994,
      "min": 0.19260285094000001,
      "max": 0.22017196794,
      "times": [
        0.19260285094000001,
        0.20117714894,
        0.21711199294,
        0.19911846694,
        0.19979555094,
        0.22017196794,
        0.20536473394000002,
        0.21748384594,
        0.20772144994,
        0.21293335694
      ],
      "exit_codes": [
        10,
        10,
        10,
        10,
        10,
        10,
        10,
        10,
        10,
        10
      ]
    },
    {
      "command": "clingo invaders.lp balanced3.lp --configuration=jumpy --time-limit=300",
      "mean": 1.15276213394,
      "stddev": 0.043769137691420254,
      "median": 1.14188159944,
      "user": 1.13872516,
      "system": 0.013080883999999997,
      "min": 1.1160926799400002,
      "max": 1.26888016194,
      "times": [
        1.12303978994,
        1.1404652669400002,
        1.1160926799400002,
        1.1225722279400001,
        1.16542327794,
        1.1589767669400002,
        1.14329793194,
        1.13994192294,
        1.14893131294,
        1.26888016194
      ],
      "exit_codes": [
        10,
        10,
        10,
        10,
        10,
        10,
        10,
        10,
        10,
        10
      ]
    },
    {
      "command": "clingo invaders.lp balanced4.lp --configuration=jumpy --time-limit=300",
      "mean": 2.5129550457399996,
      "stddev": 0.025990307606398096,
      "median": 2.51671811994,
      "user": 2.4894043599999995,
      "system": 0.023025181999999998,
      "min": 2.47662806394,
      "max": 2.5532140549399998,
      "times": [
        2.47988141394,
        2.49737711994,
        2.48988162694,
        2.5185459409399997,
        2.47662806394,
        2.53674309994,
        2.51489029894,
        2.53258788994,
        2.52980094794,
        2.5532140549399998
      ],
      "exit_codes": [
        10,
        10,
        10,
        10,
        10,
        10,
        10,
        10,
        10,
        10
      ]
    },
    {
      "command": "clingo invaders.lp balanced5.lp --configuration=jumpy --time-limit=300",
      "mean": 18.039606032040002,
      "stddev": 0.18343296520326297,
      "median": 17.97951707344,
      "user": 17.981798559999998,
      "system": 0.04903418,
      "min": 17.82607405094,
      "max": 18.45891326494,
      "times": [
        17.93466172594,
        18.17824745394,
        17.82607405094,
        17.92089268494,
        18.07916293694,
        18.13440115094,
        18.00305028394,
        17.90467290494,
        18.45891326494,
        17.95598386294
      ],
      "exit_codes": [
        10,
        10,
        10,
        10,
        10,
        10,
        10,
        10,
        10,
        10
      ]
    },
    {
      "command": "clingo invaders.lp balanced6.lp --configuration=jumpy --time-limit=300",
      "mean": 36.23303877634,
      "stddev": 0.34373052152740885,
      "median": 36.07823790344,
      "user": 36.14119766,
      "system": 0.07200518,
      "min": 35.88793863494,
      "max": 36.79563100594,
      "times": [
        35.98960084494,
        35.94029852594,
        35.91391540294,
        35.99238956894,
        36.79563100594,
        36.56356616894,
        36.63834563294,
        36.44461573994,
        36.16408623794,
        35.88793863494
      ],
      "exit_codes": [
        10,
        10,
        10,
        10,
        10,
        10,
        10,
        10,
        10,
        10
      ]
    },
    {
      "command": "clingo invaders.lp balanced7.lp --configuration=jumpy --time-limit=300",
      "mean": 300.00534019663996,
      "stddev": 0.0007063304415783919,
      "median": 300.00521331794,
      "user": 299.80525876,
      "system": 0.11014628,
      "min": 300.00436422994,
      "max": 300.00645252294,
      "times": [
        300.00477528394,
        300.00462062894,
        300.00588604494,
        300.00490501094,
        300.00613756394,
        300.00436422994,
        300.00539251794,
        300.00645252294,
        300.00583404494,
        300.00503411794
      ],
      "exit_codes": [
        1,
        1,
        1,
        1,
        1,
        1,
        1,
        1,
        1,
        1
      ]
    },
    {
      "command": "clingo invaders.lp balanced8.lp --configuration=jumpy --time-limit=300",
      "mean": 197.89079886663998,
      "stddev": 1.7826247438677356,
      "median": 197.35932183943999,
      "user": 197.61198786000003,
      "system": 0.20286787999999997,
      "min": 196.42908252994,
      "max": 202.73311844094,
      "times": [
        198.05985577293998,
        197.15130894894,
        202.73311844094,
        197.05757007994,
        196.42908252994,
        197.23811916494,
        197.48052451394,
        198.26455516894,
        196.94506779393998,
        197.54878625194
      ],
      "exit_codes": [
        10,
        10,
        10,
        10,
        10,
        10,
        10,
        10,
        10,
        10
      ]
    },
    {
      "command": "clingo invaders.lp balanced9.lp --configuration=jumpy --time-limit=300",
      "mean": 300.01118801384,
      "stddev": 0.006401832310397197,
      "median": 300.00892128794,
      "user": 299.44464406,
      "system": 0.29174797999999996,
      "min": 300.00742182894,
      "max": 300.02873523094,
      "times": [
        300.02873523094,
        300.00815359894,
        300.00988014093997,
        300.00815040294,
        300.00821709694,
        300.01355429794,
        300.00742182894,
        300.00992496494,
        300.00852140194,
        300.00932117394
      ],
      "exit_codes": [
        1,
        1,
        1,
        1,
        1,
        1,
        1,
        1,
        1,
        1
      ]
    },
    {
      "command": "clingo invaders.lp balanced10.lp --configuration=jumpy --time-limit=300",
      "mean": 300.01246787714,
      "stddev": 0.002205972825304508,
      "median": 300.01289684694,
      "user": 299.54729445999993,
      "system": 0.39845118,
      "min": 300.00802663594,
      "max": 300.01595841894,
      "times": [
        300.01366098494,
        300.01349724094,
        300.01228851494,
        300.01259930594,
        300.01319438794,
        300.01595841894,
        300.01241702094,
        300.00964444993997,
        300.01339181094,
        300.00802663594
      ],
      "exit_codes": [
        1,
        1,
        1,
        1,
        1,
        1,
        1,
        1,
        1,
        1
      ]
    }
  ]
}
