{
  "results": [
    {
      "command": "clingo invaders.lp balanced1.lp --time-limit=300",
      "mean": 0.02220356516,
      "stddev": 0.008016329404147449,
      "median": 0.01978201206,
      "user": 0.01570838,
      "system": 0.0066638900000000004,
      "min": 0.014463713060000001,
      "max": 0.03939593006,
      "times": [
        0.015099359060000001,
        0.03939593006,
        0.03238993606,
        0.01951860106,
        0.02290295506,
        0.02346340106,
        0.014463713060000001,
        0.01536231306,
        0.01939402006,
        0.02004542306
      ],
      "exit_codes": [
        10,
        10,
        10,
        10,
        10,
        10,
        10,
        10,
        10,
        10
      ]
    },
    {
      "command": "clingo invaders.lp balanced2.lp --time-limit=300",
      "mean": 2.28655780406,
      "stddev": 0.5969080067016206,
      "median": 2.01303103606,
      "user": 2.2789256799999995,
      "system": 0.007177007999999999,
      "min": 1.8418491230599998,
      "max": 3.48414881206,
      "times": [
        2.53299781606,
        1.95790958506,
        1.8565041820600001,
        2.07583255606,
        3.48414881206,
        3.2132301120599998,
        1.8770437820599999,
        2.02964153306,
        1.9964205390599998,
        1.8418491230599998
      ],
      "exit_codes": [
        10,
        10,
        10,
        10,
        10,
        10,
        10,
        10,
        10,
        10
      ]
    },
    {
      "command": "clingo invaders.lp balanced3.lp --time-limit=300",
      "mean": 300.00519141425997,
      "stddev": 0.0012095294190373283,
      "median": 300.00497370506,
      "user": 299.9480166799999,
      "system": 0.031291879999999994,
      "min": 300.00329824706,
      "max": 300.00779466306,
      "times": [
        300.00329824706,
        300.00495694306,
        300.00455277606,
        300.00457324506,
        300.00593502006,
        300.00779466306,
        300.00582480206,
        300.00432756806,
        300.00499046706,
        300.00566041106
      ],
      "exit_codes": [
        1,
        1,
        1,
        1,
        1,
        1,
        1,
        1,
        1,
        1
      ]
    },
    {
      "command": "clingo invaders.lp balanced4.lp --time-limit=300",
      "mean": 4.303173813759999,
      "stddev": 0.04910110980542921,
      "median": 4.3037943935600005,
      "user": 4.280296180000001,
      "system": 0.018909761999999997,
      "min": 4.23943829306,
      "max": 4.38567511806,
      "times": [
        4.31074428306,
        4.36580076606,
        4.33171479306,
        4.38567511806,
        4.32047523306,
        4.25399278806,
        4.27169661506,
        4.23943829306,
        4.29684450406,
        4.25535574406
      ],
      "exit_codes": [
        10,
        10,
        10,
        10,
        10,
        10,
        10,
        10,
        10,
        10
      ]
    },
    {
      "command": "clingo invaders.lp balanced5.lp --time-limit=300",
      "mean": 58.67873874416,
      "stddev": 0.3780760884942208,
      "median": 58.63783990756001,
      "user": 58.57790277999999,
      "system": 0.07311368000000001,
      "min": 58.16043462106,
      "max": 59.30464706806,
      "times": [
        58.35152301106,
        59.30464706806,
        59.03975614306,
        58.671667174060005,
        58.75168657806,
        58.16043462106,
        58.280710295060004,
        58.60401264106,
        58.50811886706,
        59.11483104306
      ],
      "exit_codes": [
        10,
        10,
        10,
        10,
        10,
        10,
        10,
        10,
        10,
        10
      ]
    },
    {
      "command": "clingo invaders.lp balanced6.lp --time-limit=300",
      "mean": 271.08537135386007,
      "stddev": 0.5191097758788977,
      "median": 271.17783300156,
      "user": 270.8212485799999,
      "system": 0.20986478000000003,
      "min": 270.06304232306,
      "max": 271.74591863806,
      "times": [
        271.28528263006,
        270.93980229606,
        271.67762741906,
        271.41328401706,
        271.24976833806,
        270.48808353206,
        270.88500668006,
        270.06304232306,
        271.10589766506,
        271.74591863806
      ],
      "exit_codes": [
        10,
        10,
        10,
        10,
        10,
        10,
        10,
        10,
        10,
        10
      ]
    },
    {
      "command": "clingo invaders.lp balanced7.lp --time-limit=300",
      "mean": 300.00757639206006,
      "stddev": 0.0024857129539534056,
      "median": 300.00807752606,
      "user": 299.75121427999994,
      "system": 0.19579597999999998,
      "min": 300.00427693206,
      "max": 300.01159979606,
      "times": [
        300.00452512506,
        300.00795420206,
        300.00456636806,
        300.00699847106,
        300.00831077606,
        300.00820085006,
        300.00427693206,
        300.01159979606,
        300.00954777506,
        300.00978362506
      ],
      "exit_codes": [
        1,
        1,
        1,
        1,
        1,
        1,
        1,
        1,
        1,
        1
      ]
    },
    {
      "command": "clingo invaders.lp balanced8.lp --time-limit=300",
      "mean": 300.01122957866,
      "stddev": 0.0014458506932607939,
      "median": 300.01130433206,
      "user": 299.70167888,
      "system": 0.25919877999999996,
      "min": 300.00854847505997,
      "max": 300.01380458706,
      "times": [
        300.01183814806,
        300.01129557705997,
        300.01065972606,
        300.01271604206,
        300.00854847505997,
        300.01066870206,
        300.00993292405997,
        300.01131308706,
        300.01380458706,
        300.01151851806
      ],
      "exit_codes": [
        1,
        1,
        1,
        1,
        1,
        1,
        1,
        1,
        1,
        1
      ]
    },
    {
      "command": "clingo invaders.lp balanced9.lp --time-limit=300",
      "mean": 300.00737299176,
      "stddev": 0.0017940739606483397,
      "median": 300.00651155855996,
      "user": 299.74302458,
      "system": 0.21656677999999996,
      "min": 300.00571548006,
      "max": 300.01010909306,
      "times": [
        300.00884529406,
        300.00843786606,
        300.01010909306,
        300.00571548006,
        300.00679165206,
        300.00623146506,
        300.01000501206,
        300.00571735106,
        300.00599746006,
        300.00587924406
      ],
      "exit_codes": [
        1,
        1,
        1,
        1,
        1,
        1,
        1,
        1,
        1,
        1
      ]
    },
    {
      "command": "clingo invaders.lp balanced10.lp --time-limit=300",
      "mean": 300.01012714245996,
      "stddev": 0.0015952753159313492,
      "median": 300.01051236705996,
      "user": 299.66634197999997,
      "system": 0.30020747999999997,
      "min": 300.00699238606,
      "max": 300.01247349006,
      "times": [
        300.01017458306,
        300.00699238606,
        300.00912574406,
        300.01102977206,
        300.00955278806,
        300.00858651206,
        300.01137689706,
        300.01085015105997,
        300.01110910106,
        300.01247349006
      ],
      "exit_codes": [
        1,
        1,
        1,
        1,
        1,
        1,
        1,
        1,
        1,
        1
      ]
    }
  ]
}
