{
  "results": [
    {
      "command": "clingo invaders.lp aliens1.lp --time-limit=300",
      "label": "aliens1.lp",
      "mean": 0.006779643519999999,
      "stddev": 0.0013517577600099515,
      "median": 0.006622001219999999,
      "user": 0.0031070399999999997,
      "system": 0.0038212039999999995,
      "min": 0.004968511219999999,
      "max": 0.009069025219999999,
      "times": [
        0.005799209219999999,
        0.004968511219999999,
        0.009069025219999999,
        0.008892605219999999,
        0.00527332522,
        0.006943280219999999,
        0.006582358219999999,
        0.006531040219999999,
        0.006661644219999999,
        0.00707543622
      ],
      "exit_codes": [
        10,
        10,
        10,
        10,
        10,
        10,
        10,
        10,
        10,
        10
      ]
    },
    {
      "command": "clingo invaders.lp aliens2.lp --time-limit=300",
      "label": "aliens2.lp",
      "mean": 2.46423609022,
      "stddev": 0.023198512549835622,
      "median": 2.46257984772,
      "user": 2.45544194,
      "system": 0.009019066000000001,
      "min": 2.42872688022,
      "max": 2.4953115132200003,
      "times": [
        2.42872688022,
        2.4953115132200003,
        2.44750522922,
        2.47286631322,
        2.45229338222,
        2.49478979422,
        2.48318275622,
        2.4761966822200003,
        2.44622358822,
        2.44526476322
      ],
      "exit_codes": [
        10,
        10,
        10,
        10,
        10,
        10,
        10,
        10,
        10,
        10
      ]
    },
    {
      "command": "clingo invaders.lp aliens3.lp --time-limit=300",
      "label": "aliens3.lp",
      "mean": 62.981196462219984,
      "stddev": 0.7986247807593213,
      "median": 63.14673844622,
      "user": 62.95318674,
      "system": 0.02459438,
      "min": 61.96264219122,
      "max": 63.94289949322,
      "times": [
        63.94289949322,
        62.022754803219996,
        63.38561806022,
        62.960076292219995,
        61.96264219122,
        63.865700729219995,
        62.42662739022,
        63.81637691922,
        62.095868143219995,
        63.333400600219996
      ],
      "exit_codes": [
        10,
        10,
        10,
        10,
        10,
        10,
        10,
        10,
        10,
        10
      ]
    },
    {
      "command": "clingo invaders.lp aliens4.lp --time-limit=300",
      "label": "aliens4.lp",
      "mean": 39.69487904872,
      "stddev": 0.5111299576051824,
      "median": 39.791613347719995,
      "user": 39.647668339999996,
      "system": 0.03946518,
      "min": 38.94229060622,
      "max": 40.33261285522,
      "times": [
        38.94229060622,
        40.33261285522,
        40.05047692222,
        39.828437128219996,
        40.126580373219994,
        40.222751024219995,
        39.00450788822,
        39.199486560219995,
        39.754789567219994,
        39.486857562219996
      ],
      "exit_codes": [
        10,
        10,
        10,
        10,
        10,
        10,
        10,
        10,
        10,
        10
      ]
    },
    {
      "command": "clingo invaders.lp aliens5.lp --time-limit=300",
      "label": "aliens5.lp",
      "mean": 5.95528227562,
      "stddev": 0.16300894510035985,
      "median": 5.89189723622,
      "user": 5.928928839999999,
      "system": 0.025162442,
      "min": 5.85778636322,
      "max": 6.39361510122,
      "times": [
        5.88744255522,
        5.8963519172200005,
        5.9939245132200005,
        5.85778636322,
        5.86761661622,
        5.86102323122,
        5.87823125722,
        5.90639945322,
        6.01043174822,
        6.39361510122
      ],
      "exit_codes": [
        10,
        10,
        10,
        10,
        10,
        10,
        10,
        10,
        10,
        10
      ]
    },
    {
      "command": "clingo invaders.lp aliens6.lp --time-limit=300",
      "label": "aliens6.lp",
      "mean": 62.344191006719996,
      "stddev": 0.2809612670051474,
      "median": 62.391468143219996,
      "user": 62.22695424,
      "system": 0.07839238000000001,
      "min": 61.95662133922,
      "max": 62.733990017219995,
      "times": [
        62.413875412219994,
        61.99430830622,
        61.95662133922,
        62.53464278822,
        61.999957548219996,
        62.69049776622,
        62.41849916122,
        62.36906087422,
        62.733990017219995,
        62.330456854219996
      ],
      "exit_codes": [
        10,
        10,
        10,
        10,
        10,
        10,
        10,
        10,
        10,
        10
      ]
    },
    {
      "command": "clingo invaders.lp aliens7.lp --time-limit=300",
      "label": "aliens7.lp",
      "mean": 123.47660686312,
      "stddev": 1.3002259534568557,
      "median": 123.18527473072001,
      "user": 123.31660774,
      "system": 0.12125148,
      "min": 121.94422125422001,
      "max": 125.80557305122001,
      "times": [
        121.94422125422001,
        123.32505405122001,
        125.80557305122001,
        124.79386955722,
        122.74525395022,
        122.25728274122001,
        124.08488825722,
        122.13932780822,
        123.04549541022,
        124.62510255022
      ],
      "exit_codes": [
        10,
        10,
        10,
        10,
        10,
        10,
        10,
        10,
        10,
        10
      ]
    },
    {
      "command": "clingo invaders.lp aliens8.lp --time-limit=300",
      "label": "aliens8.lp",
      "mean": 300.01003529672,
      "stddev": 0.0027510271242224276,
      "median": 300.00902418622,
      "user": 299.61286264,
      "system": 0.34888527999999996,
      "min": 300.00673075322,
      "max": 300.01527963622,
      "times": [
        300.00893538921997,
        300.00788214822,
        300.01339975522,
        300.01108493722,
        300.00673075322,
        300.01527963622,
        300.00747040122,
        300.00911298322,
        300.00882864522,
        300.01162831822
      ],
      "exit_codes": [
        1,
        1,
        1,
        1,
        1,
        1,
        1,
        1,
        1,
        1
      ]
    },
    {
      "command": "clingo invaders.lp aliens9.lp --time-limit=300",
      "label": "aliens9.lp",
      "mean": 300.01146360472,
      "stddev": 0.0022884425544490135,
      "median": 300.01098877571997,
      "user": 299.63813174,
      "system": 0.32220227999999995,
      "min": 300.00742249722,
      "max": 300.01537326222,
      "times": [
        300.01170113821996,
        300.01158069321997,
        300.01537326222,
        300.01034141222,
        300.01039685821996,
        300.01020045922,
        300.01346390022,
        300.01024790122,
        300.00742249722,
        300.01390792522
      ],
      "exit_codes": [
        1,
        1,
        1,
        1,
        1,
        1,
        1,
        1,
        1,
        1
      ]
    },
    {
      "command": "clingo invaders.lp aliens10.lp --time-limit=300",
      "label": "aliens10.lp",
      "mean": 300.07638277262,
      "stddev": 0.035009817713473175,
      "median": 300.06497868122,
      "user": 298.16963943999997,
      "system": 1.8683416800000003,
      "min": 300.05623100421997,
      "max": 300.17359435622,
      "times": [
        300.17359435622,
        300.07594921622,
        300.06362459022,
        300.05750534922,
        300.05623100421997,
        300.05864183221996,
        300.06119401221997,
        300.07347728522,
        300.07727730822,
        300.06633277222
      ],
      "exit_codes": [
        1,
        1,
        1,
        1,
        1,
        1,
        1,
        1,
        1,
        1
      ]
    }
  ]
}
