{
  "results": [
    {
      "command": "clingo invaders.lp aliens1.lp --configuration=jumpy --time-limit=300",
      "mean": 0.007498789320000002,
      "stddev": 0.0014257444955126039,
      "median": 0.007362846420000001,
      "user": 0.006630439999999999,
      "system": 0.00102788,
      "min": 0.005997994920000001,
      "max": 0.010304679920000002,
      "times": [
        0.006249345920000001,
        0.006120704920000001,
        0.005997994920000001,
        0.007357937920000002,
        0.00920563492,
        0.0073677549200000005,
        0.007657971920000001,
        0.008283941920000001,
        0.006441925920000001,
        0.010304679920000002
      ],
      "exit_codes": [
        10,
        10,
        10,
        10,
        10,
        10,
        10,
        10,
        10,
        10
      ]
    },
    {
      "command": "clingo invaders.lp aliens2.lp --configuration=jumpy --time-limit=300",
      "mean": 0.29701508542000005,
      "stddev": 0.022896314087415954,
      "median": 0.28773568292000007,
      "user": 0.29239763999999996,
      "system": 0.004733076,
      "min": 0.27524350992,
      "max": 0.34409171992000004,
      "times": [
        0.27524350992,
        0.29127532692,
        0.28419603892000006,
        0.34409171992000004,
        0.31280823292000004,
        0.32100743392000003,
        0.27649716592,
        0.28013293692,
        0.30380584892,
        0.28109263992000005
      ],
      "exit_codes": [
        10,
        10,
        10,
        10,
        10,
        10,
        10,
        10,
        10,
        10
      ]
    },
    {
      "command": "clingo invaders.lp aliens3.lp --configuration=jumpy --time-limit=300",
      "mean": 0.26476737482000007,
      "stddev": 0.02393391992857351,
      "median": 0.26667021892000004,
      "user": 0.25063373999999994,
      "system": 0.013198468,
      "min": 0.22982121892000001,
      "max": 0.29582634392,
      "times": [
        0.28473438492,
        0.27213218792000005,
        0.29582634392,
        0.25998994492000005,
        0.23684082392,
        0.28711236392000006,
        0.26120824992,
        0.22982121892000001,
        0.23595605792000002,
        0.28405217192000004
      ],
      "exit_codes": [
        10,
        10,
        10,
        10,
        10,
        10,
        10,
        10,
        10,
        10
      ]
    },
    {
      "command": "clingo invaders.lp aliens4.lp --configuration=jumpy --time-limit=300",
      "mean": 1.29736847182,
      "stddev": 0.053061666226795555,
      "median": 1.27840309192,
      "user": 1.2663199399999998,
      "system": 0.030370059999999997,
      "min": 1.23912692092,
      "max": 1.41232785592,
      "times": [
        1.33282384992,
        1.41232785592,
        1.34860817192,
        1.27987662192,
        1.23912692092,
        1.26614790392,
        1.24804699592,
        1.27692956192,
        1.27062458392,
        1.29917225192
      ],
      "exit_codes": [
        10,
        10,
        10,
        10,
        10,
        10,
        10,
        10,
        10,
        10
      ]
    },
    {
      "command": "clingo invaders.lp aliens5.lp --configuration=jumpy --time-limit=300",
      "mean": 1.43348612982,
      "stddev": 0.16697312553892665,
      "median": 1.3470923354200002,
      "user": 1.4056512399999996,
      "system": 0.027711160000000002,
      "min": 1.32016845192,
      "max": 1.7948268439200001,
      "times": [
        1.32016845192,
        1.3272945199200001,
        1.53348299392,
        1.7948268439200001,
        1.64515573692,
        1.35074134692,
        1.34392384592,
        1.32989724092,
        1.35026082492,
        1.33910949292
      ],
      "exit_codes": [
        10,
        10,
        10,
        10,
        10,
        10,
        10,
        10,
        10,
        10
      ]
    },
    {
      "command": "clingo invaders.lp aliens6.lp --configuration=jumpy --time-limit=300",
      "mean": 24.17941974312,
      "stddev": 0.31089427120691554,
      "median": 24.16099277192,
      "user": 24.100872040000006,
      "system": 0.06490865999999999,
      "min": 23.78564810292,
      "max": 24.75849060492,
      "times": [
        24.54945247892,
        24.27591346192,
        24.26988652692,
        24.28926905492,
        23.93190332892,
        23.78564810292,
        24.04480321792,
        24.05209901692,
        23.83673163692,
        24.75849060492
      ],
      "exit_codes": [
        10,
        10,
        10,
        10,
        10,
        10,
        10,
        10,
        10,
        10
      ]
    },
    {
      "command": "clingo invaders.lp aliens7.lp --configuration=jumpy --time-limit=300",
      "mean": 59.80305396302,
      "stddev": 0.6746872849203124,
      "median": 59.64706676342,
      "user": 59.68386394,
      "system": 0.08392565999999999,
      "min": 59.00299360492,
      "max": 61.22835383092,
      "times": [
        61.22835383092,
        59.15599697292,
        59.70327758492,
        59.590855941920005,
        59.449256396920006,
        60.42983360992,
        60.141484339920005,
        60.03873457592,
        59.00299360492,
        59.28975277192
      ],
      "exit_codes": [
        10,
        10,
        10,
        10,
        10,
        10,
        10,
        10,
        10,
        10
      ]
    },
    {
      "command": "clingo invaders.lp aliens8.lp --configuration=jumpy --time-limit=300",
      "mean": 300.00586404702,
      "stddev": 0.0007504913882427529,
      "median": 300.00571548992,
      "user": 299.66773684,
      "system": 0.22639826,
      "min": 300.00499174992,
      "max": 300.00748834592,
      "times": [
        300.00600507292,
        300.00677913592,
        300.00748834592,
        300.00567116692,
        300.00575981292,
        300.00580092892,
        300.00499174992,
        300.00542938492,
        300.00552819692,
        300.00518667492
      ],
      "exit_codes": [
        1,
        1,
        1,
        1,
        1,
        1,
        1,
        1,
        1,
        1
      ]
    },
    {
      "command": "clingo invaders.lp aliens9.lp --configuration=jumpy --time-limit=300",
      "mean": 192.42088143522,
      "stddev": 0.9235382686592204,
      "median": 192.54134639392,
      "user": 192.14622454,
      "system": 0.20724656000000002,
      "min": 191.25109369892002,
      "max": 194.26485603292,
      "times": [
        192.99528009892,
        191.25109369892002,
        192.03097493592,
        192.67025889392,
        194.26485603292,
        193.00934507392,
        191.25338929392,
        192.41421538892,
        191.65092353592001,
        192.66847739892
      ],
      "exit_codes": [
        10,
        10,
        10,
        10,
        10,
        10,
        10,
        10,
        10,
        10
      ]
    },
    {
      "command": "clingo invaders.lp aliens10.lp --configuration=jumpy --time-limit=300",
      "mean": 300.05199229752003,
      "stddev": 0.0035947751469111956,
      "median": 300.05266247892,
      "user": 297.98944004,
      "system": 2.0166534599999997,
      "min": 300.04629895392003,
      "max": 300.05721827592,
      "times": [
        300.05255128892003,
        300.05277366892,
        300.05302372592,
        300.04908308692,
        300.04629895392003,
        300.05112780492,
        300.05670812392,
        300.05721827592,
        300.04747964492003,
        300.05365840092
      ],
      "exit_codes": [
        1,
        1,
        1,
        1,
        1,
        1,
        1,
        1,
        1,
        1
      ]
    }
  ]
}
