{
  "results": [
    {
      "command": "clingo invaders.lp aliens1.lp --configuration=trendy --time-limit=300",
      "label": "aliens1.lp",
      "mean": 0.007714505400000002,
      "stddev": 0.0014847067698083387,
      "median": 0.007307069300000002,
      "user": 0.0018456280000000002,
      "system": 0.005872898,
      "min": 0.005693626800000002,
      "max": 0.009995368800000001,
      "times": [
        0.006121278800000001,
        0.007213716800000002,
        0.005693626800000002,
        0.009995368800000001,
        0.0070012178000000026,
        0.006943993800000001,
        0.009664160800000002,
        0.007400421800000001,
        0.0077351248000000015,
        0.009376143800000002
      ],
      "exit_codes": [
        10,
        10,
        10,
        10,
        10,
        10,
        10,
        10,
        10,
        10
      ]
    },
    {
      "command": "clingo invaders.lp aliens2.lp --configuration=trendy --time-limit=300",
      "label": "aliens2.lp",
      "mean": 0.2542985171,
      "stddev": 0.023891428471835525,
      "median": 0.24937688730000002,
      "user": 0.24996082,
      "system": 0.004166388,
      "min": 0.23109464280000003,
      "max": 0.3073914378,
      "times": [
        0.23213318080000003,
        0.2332253468,
        0.23109464280000003,
        0.2532647198,
        0.3073914378,
        0.24548905480000002,
        0.24485242780000002,
        0.2617035798,
        0.2545980318,
        0.2792327488
      ],
      "exit_codes": [
        10,
        10,
        10,
        10,
        10,
        10,
        10,
        10,
        10,
        10
      ]
    },
    {
      "command": "clingo invaders.lp aliens3.lp --configuration=trendy --time-limit=300",
      "label": "aliens3.lp",
      "mean": 0.3737936695,
      "stddev": 0.025855951452005154,
      "median": 0.3843593148,
      "user": 0.35967772,
      "system": 0.012083776,
      "min": 0.3149038078,
      "max": 0.3983762918,
      "times": [
        0.3983762918,
        0.3690103138,
        0.38788102280000003,
        0.3832811238,
        0.3685441098,
        0.3459331228,
        0.3149038078,
        0.3854375058,
        0.3945120218,
        0.3900573748
      ],
      "exit_codes": [
        10,
        10,
        10,
        10,
        10,
        10,
        10,
        10,
        10,
        10
      ]
    },
    {
      "command": "clingo invaders.lp aliens4.lp --configuration=trendy --time-limit=300",
      "label": "aliens4.lp",
      "mean": 1.2738574127999998,
      "stddev": 0.06860610064855154,
      "median": 1.2469732473000001,
      "user": 1.25148832,
      "system": 0.021799776,
      "min": 1.2191597358000001,
      "max": 1.4573430808,
      "times": [
        1.2876404248000002,
        1.4573430808,
        1.2958935208,
        1.2474176508,
        1.2639397068,
        1.2465288438000002,
        1.2457671748,
        1.2328985208,
        1.2419854688,
        1.2191597358000001
      ],
      "exit_codes": [
        10,
        10,
        10,
        10,
        10,
        10,
        10,
        10,
        10,
        10
      ]
    },
    {
      "command": "clingo invaders.lp aliens5.lp --configuration=trendy --time-limit=300",
      "label": "aliens5.lp",
      "mean": 2.9168978895,
      "stddev": 0.09788878584254528,
      "median": 2.8956898688,
      "user": 2.8938386199999995,
      "system": 0.022911019999999997,
      "min": 2.8405394128,
      "max": 3.1792750298,
      "times": [
        2.8957720048,
        3.1792750298,
        2.8977358068,
        2.8405394128,
        2.9578488448,
        2.8754636398,
        2.8462356028,
        2.9059615018000002,
        2.8956077328000003,
        2.8745393188
      ],
      "exit_codes": [
        10,
        10,
        10,
        10,
        10,
        10,
        10,
        10,
        10,
        10
      ]
    },
    {
      "command": "clingo invaders.lp aliens6.lp --configuration=trendy --time-limit=300",
      "label": "aliens6.lp",
      "mean": 57.57179963360001,
      "stddev": 0.9897014899181723,
      "median": 57.1454432133,
      "user": 57.47836471999999,
      "system": 0.06872442000000001,
      "min": 56.383671060800005,
      "max": 59.259219071800004,
      "times": [
        56.8722784928,
        56.383671060800005,
        57.082091807800005,
        56.915510602800005,
        59.259219071800004,
        58.6450487298,
        58.860106335800005,
        57.5924483598,
        57.2087946188,
        56.8988272558
      ],
      "exit_codes": [
        10,
        10,
        10,
        10,
        10,
        10,
        10,
        10,
        10,
        10
      ]
    },
    {
      "command": "clingo invaders.lp aliens7.lp --configuration=trendy --time-limit=300",
      "label": "aliens7.lp",
      "mean": 42.8678932037,
      "stddev": 0.5595728196617473,
      "median": 42.882319650300005,
      "user": 42.77134722,
      "system": 0.07887002000000001,
      "min": 42.0684075878,
      "max": 43.7087938858,
      "times": [
        42.5405989778,
        42.4051625568,
        42.1909595488,
        42.937250541800005,
        43.4805522698,
        43.7087938858,
        43.2201016538,
        43.2997162558,
        42.827388758800005,
        42.0684075878
      ],
      "exit_codes": [
        10,
        10,
        10,
        10,
        10,
        10,
        10,
        10,
        10,
        10
      ]
    },
    {
      "command": "clingo invaders.lp aliens8.lp --configuration=trendy --time-limit=300",
      "label": "aliens8.lp",
      "mean": 131.7673194244,
      "stddev": 2.798589037719638,
      "median": 130.1376994038,
      "user": 131.48876432,
      "system": 0.23361092,
      "min": 128.7067196618,
      "max": 136.6288609408,
      "times": [
        130.21727350080002,
        128.7067196618,
        136.6288609408,
        133.8915813538,
        135.3632859688,
        133.4603982398,
        130.0581253068,
        129.74604873980002,
        129.9237343608,
        129.6771661708
      ],
      "exit_codes": [
        10,
        10,
        10,
        10,
        10,
        10,
        10,
        10,
        10,
        10
      ]
    },
    {
      "command": "clingo invaders.lp aliens9.lp --configuration=trendy --time-limit=300",
      "label": "aliens9.lp",
      "mean": 296.5148062691,
      "stddev": 1.6587298827878592,
      "median": 296.4613023063,
      "user": 296.19656212000007,
      "system": 0.21762221999999998,
      "min": 294.17211798980003,
      "max": 300.1106978558,
      "times": [
        294.17211798980003,
        295.07954292380003,
        295.3128192088,
        296.2965275448,
        295.6324514048,
        297.5664774778,
        296.6260770678,
        297.0732081078,
        297.2781431098,
        300.1106978558
      ],
      "exit_codes": [
        10,
        10,
        10,
        10,
        10,
        10,
        10,
        10,
        10,
        10
      ]
    },
    {
      "command": "clingo invaders.lp aliens10.lp --configuration=trendy --time-limit=300",
      "label": "aliens10.lp",
      "mean": 300.0615762839,
      "stddev": 0.014055551608907016,
      "median": 300.0585733483,
      "user": 297.79294672000003,
      "system": 2.1963129199999996,
      "min": 300.0445916068,
      "max": 300.0955196648,
      "times": [
        300.0602515918,
        300.0605965388,
        300.0653599378,
        300.0955196648,
        300.0716400648,
        300.0554736538,
        300.0568951048,
        300.0539352458,
        300.0514994298,
        300.0445916068
      ],
      "exit_codes": [
        1,
        1,
        1,
        1,
        1,
        1,
        1,
        1,
        1,
        1
      ]
    }
  ]
}
