{
  "results": [
    {
      "command": "minizinc.exe invaders.mzn balanced1.mzn --time-limit 300000",
      "mean": 0.7181642566199999,
      "stddev": 0.03370056633686488,
      "median": 0.71137974092,
      "user": 0.00432074,
      "system": 0.0016085759999999998,
      "min": 0.68051931392,
      "max": 0.80023805292,
      "times": [
        0.71817620692,
        0.68807477092,
        0.73053657292,
        0.70838521592,
        0.68051931392,
        0.80023805292,
        0.69695105092,
        0.70774731292,
        0.71437426592,
        0.73663980292
      ],
      "exit_codes": [
        0,
        0,
        0,
        0,
        0,
        0,
        0,
        0,
        0,
        0
      ]
    },
    {
      "command": "minizinc.exe invaders.mzn balanced2.mzn --time-limit 300000",
      "mean": 129.83744354462,
      "stddev": 3.591659236228916,
      "median": 129.66877651642,
      "user": 0.00460214,
      "system": 0.00296137,
      "min": 123.64431516392001,
      "max": 136.11747056092,
      "times": [
        133.74150742192,
        130.30404502492001,
        136.11747056092,
        129.03350800792,
        128.33969000392,
        128.46191391992,
        131.70575924492002,
        130.86547022992,
        126.16075586792,
        123.64431516392001
      ],
      "exit_codes": [
        0,
        0,
        0,
        0,
        0,
        0,
        0,
        0,
        0,
        0
      ]
    },
    {
      "command": "minizinc.exe invaders.mzn balanced3.mzn --time-limit 300000",
      "mean": 300.57762123712007,
      "stddev": 0.02682852014059375,
      "median": 300.57232900542,
      "user": 0.003895346,
      "system": 0.00316127,
      "min": 300.54682689992,
      "max": 300.64361077592,
      "times": [
        300.64361077592,
        300.56637425592,
        300.56934693892,
        300.58362098692,
        300.57531107192,
        300.54682689992,
        300.59347542992003,
        300.56663035092,
        300.55382240592,
        300.57719325492
      ],
      "exit_codes": [
        0,
        0,
        0,
        0,
        0,
        0,
        0,
        0,
        0,
        0
      ]
    },
    {
      "command": "minizinc.exe invaders.mzn balanced4.mzn --time-limit 300000",
      "mean": 300.79552248152,
      "stddev": 0.025230267091300992,
      "median": 300.79371109842,
      "user": 0.003848139999999999,
      "system": 0.0029881579999999994,
      "min": 300.74932317192,
      "max": 300.84044719392,
      "times": [
        300.78252183492003,
        300.80684671992003,
        300.78272308692,
        300.78072337192003,
        300.82496533392003,
        300.74932317192,
        300.80025190492,
        300.79316941092003,
        300.84044719392,
        300.79425278592
      ],
      "exit_codes": [
        0,
        0,
        0,
        0,
        0,
        0,
        0,
        0,
        0,
        0
      ]
    },
    {
      "command": "minizinc.exe invaders.mzn balanced5.mzn --time-limit 300000",
      "mean": 301.08668677182,
      "stddev": 0.03636876785475545,
      "median": 301.09943382092,
      "user": 0.004306445999999999,
      "system": 0.002180676,
      "min": 301.01917433092,
      "max": 301.12739749292,
      "times": [
        301.02760934192,
        301.10064806492,
        301.01917433092,
        301.08966970392,
        301.10167732192,
        301.09821957692003,
        301.10528975492,
        301.07614427092,
        301.12739749292,
        301.12103785892003
      ],
      "exit_codes": [
        0,
        0,
        0,
        0,
        0,
        0,
        0,
        0,
        0,
        0
      ]
    },
    {
      "command": "minizinc.exe invaders.mzn balanced6.mzn --time-limit 300000",
      "mean": 301.37125496212,
      "stddev": 0.019968642667989252,
      "median": 301.36667027042,
      "user": 0.004099245999999999,
      "system": 0.00275117,
      "min": 301.34486602292003,
      "max": 301.41211528392,
      "times": [
        301.36324566492,
        301.39040023692,
        301.41211528392,
        301.37931831792,
        301.37009487592,
        301.34486602292003,
        301.36092934292003,
        301.35304535292,
        301.35744325792,
        301.38109126492003
      ],
      "exit_codes": [
        0,
        0,
        0,
        0,
        0,
        0,
        0,
        0,
        0,
        0
      ]
    },
    {
      "command": "minizinc.exe invaders.mzn balanced7.mzn --time-limit 300000",
      "mean": 301.66438009332,
      "stddev": 0.038134587274744156,
      "median": 301.66386535492,
      "user": 0.004482146,
      "system": 0.00267137,
      "min": 301.60210380492,
      "max": 301.72336096292,
      "times": [
        301.70239322092,
        301.70194908992,
        301.67210077392,
        301.65562993592,
        301.63214633192,
        301.64581976292,
        301.72336096292,
        301.63021456492,
        301.60210380492,
        301.67808248492
      ],
      "exit_codes": [
        0,
        0,
        0,
        0,
        0,
        0,
        0,
        0,
        0,
        0
      ]
    },
    {
      "command": "minizinc.exe invaders.mzn balanced8.mzn --time-limit 300000",
      "mean": 301.62449932642,
      "stddev": 0.06495538025430583,
      "median": 301.60074664792,
      "user": 0.00526934,
      "system": 0.002010576,
      "min": 301.57077122092,
      "max": 301.78857234492,
      "times": [
        301.78857234492,
        301.64011717092,
        301.63229316592003,
        301.57770094292,
        301.57077122092,
        301.60532524592,
        301.58121048492,
        301.59616804992,
        301.66260993292,
        301.59022470492
      ],
      "exit_codes": [
        0,
        0,
        0,
        0,
        0,
        0,
        0,
        0,
        0,
        0
      ]
    },
    {
      "command": "minizinc.exe invaders.mzn balanced9.mzn --time-limit 300000",
      "mean": 301.96582700032,
      "stddev": 0.06336643472932578,
      "median": 301.93899774042,
      "user": 0.00542084,
      "system": 0.0016397759999999997,
      "min": 301.88939765492,
      "max": 302.08056270792,
      "times": [
        301.93268263092,
        301.88939765492,
        302.03974835792,
        301.94531284992,
        301.91768859092,
        301.91700215392,
        302.08056270792,
        302.02458671492,
        301.98553576792,
        301.92575257392
      ],
      "exit_codes": [
        0,
        0,
        0,
        0,
        0,
        0,
        0,
        0,
        0,
        0
      ]
    },
    {
      "command": "minizinc.exe invaders.mzn balanced10.mzn --time-limit 300000",
      "mean": 302.4083569457201,
      "stddev": 0.0647404031864518,
      "median": 302.39828518992,
      "user": 0.0038293399999999997,
      "system": 0.0036752639999999997,
      "min": 302.32995921892,
      "max": 302.57409698492,
      "times": [
        302.57409698492,
        302.38974986492,
        302.41224786392,
        302.39129937092,
        302.32995921892,
        302.40856265792,
        302.43156162792,
        302.40527100892,
        302.36682631692,
        302.37399454192
      ],
      "exit_codes": [
        0,
        0,
        0,
        0,
        0,
        0,
        0,
        0,
        0,
        0
      ]
    }
  ]
}
