{
  "results": [
    {
      "command": "minizinc.exe invaders.mzn balanced10.mzn --time-limit 300000 --solver org.chuffed.chuffed",
      "mean": 303.61499615712,
      "stddev": 0.8877263684460206,
      "median": 303.47744483522,
      "user": 0.008944138,
      "system": 0.006345811999999999,
      "min": 302.85785580672,
      "max": 305.95724372072,
      "times": [
        303.06960412372,
        303.33146523672,
        303.19917812672,
        302.94577422172,
        302.85785580672,
        303.70987331972003,
        303.72432685872,
        303.73121572272,
        303.62342443372,
        305.95724372072
      ],
      "exit_codes": [
        0,
        0,
        0,
        0,
        0,
        0,
        0,
        0,
        0,
        0
      ]
    }
  ]
}
