{
  "results": [
    {
      "command": "minizinc.exe invaders.mzn balanced1.mzn --time-limit 300000 --solver org.chuffed.chuffed",
      "mean": 0.78951414232,
      "stddev": 0.04757240188108999,
      "median": 0.78317292492,
      "user": 0.00556894,
      "system": 0.0021775559999999998,
      "min": 0.7368542139200001,
      "max": 0.8607810369200001,
      "times": [
        0.75678264792,
        0.84256962292,
        0.81706466792,
        0.7368542139200001,
        0.74666670892,
        0.8322314349200001,
        0.80956320192,
        0.8607810369200001,
        0.74015977692,
        0.75246811092
      ],
      "exit_codes": [
        0,
        0,
        0,
        0,
        0,
        0,
        0,
        0,
        0,
        0
      ]
    },
    {
      "command": "minizinc.exe invaders.mzn balanced2.mzn --time-limit 300000 --solver org.chuffed.chuffed",
      "mean": 1.2153138296200001,
      "stddev": 0.04072823118690129,
      "median": 1.21547276742,
      "user": 0.00344014,
      "system": 0.003832348,
      "min": 1.16736879792,
      "max": 1.28077277592,
      "times": [
        1.28077277592,
        1.2203427229200001,
        1.2801138519200002,
        1.21060281192,
        1.17051988192,
        1.19559350092,
        1.16736879792,
        1.2262816599200002,
        1.2248575699200002,
        1.1766847229200001
      ],
      "exit_codes": [
        0,
        0,
        0,
        0,
        0,
        0,
        0,
        0,
        0,
        0
      ]
    },
    {
      "command": "minizinc.exe invaders.mzn balanced3.mzn --time-limit 300000 --solver org.chuffed.chuffed",
      "mean": 300.76523436992,
      "stddev": 0.040972502951291075,
      "median": 300.74868628842,
      "user": 0.0029315399999999994,
      "system": 0.004187648,
      "min": 300.73163187292,
      "max": 300.86246825292,
      "times": [
        300.73163187292,
        300.74879034892,
        300.86246825292,
        300.73553847992,
        300.79889939392,
        300.73288351592,
        300.78102915292,
        300.74036753392,
        300.74858222792,
        300.77215291992
      ],
      "exit_codes": [
        0,
        0,
        0,
        0,
        0,
        0,
        0,
        0,
        0,
        0
      ]
    },
    {
      "command": "minizinc.exe invaders.mzn balanced4.mzn --time-limit 300000 --solver org.chuffed.chuffed",
      "mean": 301.44468056172,
      "stddev": 0.041939569459759275,
      "median": 301.42863694442,
      "user": 0.006153756,
      "system": 0.001735892,
      "min": 301.39528632492,
      "max": 301.53653821492003,
      "times": [
        301.41061975492,
        301.42435232392,
        301.48491608492003,
        301.41941500092,
        301.45020659592,
        301.46819742792,
        301.42519229392,
        301.43208159492,
        301.39528632492,
        301.53653821492003
      ],
      "exit_codes": [
        0,
        0,
        0,
        0,
        0,
        0,
        0,
        0,
        0,
        0
      ]
    },
    {
      "command": "minizinc.exe invaders.mzn balanced5.mzn --time-limit 300000 --solver org.chuffed.chuffed",
      "mean": 301.60093257321995,
      "stddev": 0.024476828030247054,
      "median": 301.60123147942,
      "user": 0.005607856,
      "system": 0.0021676919999999997,
      "min": 301.55128855992,
      "max": 301.64632301292,
      "times": [
        301.61049966292,
        301.59734448692,
        301.60511847192,
        301.59182621292,
        301.64632301292,
        301.61569852792,
        301.61339121392,
        301.55128855992,
        301.58936706692,
        301.58846851592
      ],
      "exit_codes": [
        0,
        0,
        0,
        0,
        0,
        0,
        0,
        0,
        0,
        0
      ]
    },
    {
      "command": "minizinc.exe invaders.mzn balanced6.mzn --time-limit 300000 --solver org.chuffed.chuffed",
      "mean": 301.69508654362,
      "stddev": 0.02656733978594018,
      "median": 301.69729994592,
      "user": 0.006818139999999999,
      "system": 0.0006219639999999999,
      "min": 301.64675886892,
      "max": 301.73783325492,
      "times": [
        301.67403996292,
        301.67898843792,
        301.71887521592,
        301.73783325492,
        301.71713011692003,
        301.70467341392,
        301.67796627292,
        301.70181817292,
        301.64675886892,
        301.69278171892
      ],
      "exit_codes": [
        0,
        0,
        0,
        0,
        0,
        0,
        0,
        0,
        0,
        0
      ]
    },
    {
      "command": "minizinc.exe invaders.mzn balanced7.mzn --time-limit 300000 --solver org.chuffed.chuffed",
      "mean": 301.86120160062,
      "stddev": 0.031063084998846774,
      "median": 301.86112866642,
      "user": 0.00513394,
      "system": 0.0025502559999999994,
      "min": 301.80638399492,
      "max": 301.90668146992,
      "times": [
        301.85993082692,
        301.86232650592,
        301.83531758992,
        301.87505328092,
        301.85397601292,
        301.86883117492,
        301.90668146992,
        301.80638399492,
        301.83702401192,
        301.90649113792
      ],
      "exit_codes": [
        0,
        0,
        0,
        0,
        0,
        0,
        0,
        0,
        0,
        0
      ]
    },
    {
      "command": "minizinc.exe invaders.mzn balanced8.mzn --time-limit 300000 --solver org.chuffed.chuffed",
      "mean": 302.06374738272,
      "stddev": 0.04356516912473128,
      "median": 302.06368921892,
      "user": 0.00488324,
      "system": 0.0030541839999999997,
      "min": 302.00686920892,
      "max": 302.14554595492,
      "times": [
        302.14554595492,
        302.06417267892,
        302.07449507392,
        302.07716915492,
        302.11947341392,
        302.06320575892,
        302.02853754092,
        302.00686920892,
        302.02194854492,
        302.03605649692
      ],
      "exit_codes": [
        0,
        0,
        0,
        0,
        0,
        0,
        0,
        0,
        0,
        0
      ]
    },
    {
      "command": "minizinc.exe invaders.mzn balanced9.mzn --time-limit 300000 --solver org.chuffed.chuffed",
      "mean": 302.30735578822,
      "stddev": 0.031884933892797486,
      "median": 302.30090155441997,
      "user": 0.004000971999999999,
      "system": 0.003775483999999999,
      "min": 302.26704911292,
      "max": 302.38028536992,
      "times": [
        302.28899946592,
        302.30434905592,
        302.27775255392,
        302.38028536992,
        302.32121276692,
        302.31191264792,
        302.29745405292,
        302.29459389392,
        302.26704911292,
        302.32994896192
      ],
      "exit_codes": [
        0,
        0,
        0,
        0,
        0,
        0,
        0,
        0,
        0,
        0
      ]
    }
  ]
}
