{
  "results": [
    {
      "command": "minizinc.exe invaders.mzn aliens1.mzn --time-limit 300000 --solver org.chuffed.chuffed",
      "mean": 0.86131334338,
      "stddev": 0.03332253495164785,
      "median": 0.8535737856800001,
      "user": 0.003682664,
      "system": 0.01411944,
      "min": 0.81794598918,
      "max": 0.93877146418,
      "times": [
        0.93877146418,
        0.84765861718,
        0.81794598918,
        0.87161566818,
        0.85398749918,
        0.86618077318,
        0.85123295418,
        0.88389935218,
        0.82868104418,
        0.85316007218
      ],
      "exit_codes": [
        0,
        0,
        0,
        0,
        0,
        0,
        0,
        0,
        0,
        0
      ]
    },
    {
      "command": "minizinc.exe invaders.mzn aliens2.mzn --time-limit 300000 --solver org.chuffed.chuffed",
      "mean": 5.439091778980001,
      "stddev": 0.10415042979407105,
      "median": 5.415683936680001,
      "user": 0.003244372,
      "system": 0.013172486,
      "min": 5.343062246180001,
      "max": 5.7112996131800005,
      "times": [
        5.44507130018,
        5.42064952518,
        5.35843342218,
        5.4107183481800005,
        5.343062246180001,
        5.409550089180001,
        5.382311505180001,
        5.423105679180001,
        5.7112996131800005,
        5.48671606118
      ],
      "exit_codes": [
        0,
        0,
        0,
        0,
        0,
        0,
        0,
        0,
        0,
        0
      ]
    },
    {
      "command": "minizinc.exe invaders.mzn aliens3.mzn --time-limit 300000 --solver org.chuffed.chuffed",
      "mean": 27.01675928688,
      "stddev": 0.2731691656396257,
      "median": 26.935961689180004,
      "user": 0.001024872,
      "system": 0.013388539999999999,
      "min": 26.73603238218,
      "max": 27.64429429318,
      "times": [
        26.955840325180002,
        27.64429429318,
        26.855459268180002,
        27.31384155418,
        26.73603238218,
        26.88202121418,
        26.916083053180003,
        26.791791306180002,
        27.01015171018,
        27.06207776218
      ],
      "exit_codes": [
        0,
        0,
        0,
        0,
        0,
        0,
        0,
        0,
        0,
        0
      ]
    },
    {
      "command": "minizinc.exe invaders.mzn aliens4.mzn --time-limit 300000 --solver org.chuffed.chuffed",
      "mean": 300.75564220508005,
      "stddev": 1.7509867542629052,
      "median": 301.29278810518,
      "user": 0.0011643600000000001,
      "system": 0.01006004,
      "min": 295.77400303118,
      "max": 301.41297397718,
      "times": [
        295.77400303118,
        301.32494320518,
        301.41297397718,
        301.29356410818,
        301.33810720618,
        301.29201210218,
        301.28075998818,
        301.23324911418,
        301.28906240818,
        301.31774691018
      ],
      "exit_codes": [
        0,
        0,
        0,
        0,
        0,
        0,
        0,
        0,
        0,
        0
      ]
    },
    {
      "command": "minizinc.exe invaders.mzn aliens5.mzn --time-limit 300000 --solver org.chuffed.chuffed",
      "mean": 301.56160563628,
      "stddev": 0.03371075370748239,
      "median": 301.56948345168,
      "user": 0.0076450680000000005,
      "system": 0.00588627,
      "min": 301.49691061718,
      "max": 301.60331086618,
      "times": [
        301.57277354318,
        301.57494148918,
        301.58177084218,
        301.59524623218,
        301.56619336018,
        301.55193903018,
        301.60331086618,
        301.55978225318,
        301.49691061718,
        301.51318812918
      ],
      "exit_codes": [
        0,
        0,
        0,
        0,
        0,
        0,
        0,
        0,
        0,
        0
      ]
    },
    {
      "command": "minizinc.exe invaders.mzn aliens6.mzn --time-limit 300000 --solver org.chuffed.chuffed",
      "mean": 301.72364449508,
      "stddev": 0.039935408846427385,
      "median": 301.71124533718,
      "user": 0.004895364,
      "system": 0.008355577999999999,
      "min": 301.68038395218,
      "max": 301.82278883018,
      "times": [
        301.74649558118,
        301.71239526318,
        301.70394626318,
        301.68038395218,
        301.70860453218,
        301.82278883018,
        301.71009541118,
        301.71886126218,
        301.69320801318,
        301.73966584218
      ],
      "exit_codes": [
        0,
        0,
        0,
        0,
        0,
        0,
        0,
        0,
        0,
        0
      ]
    },
    {
      "command": "minizinc.exe invaders.mzn aliens7.mzn --time-limit 300000 --solver org.chuffed.chuffed",
      "mean": 301.83923183148,
      "stddev": 0.024382510410412415,
      "median": 301.84517726318,
      "user": 0.0026582639999999996,
      "system": 0.009587786,
      "min": 301.78506275918,
      "max": 301.86244282118,
      "times": [
        301.86048515518,
        301.85511052818,
        301.84064503418,
        301.81846179618,
        301.85812937418,
        301.84630134918,
        301.78506275918,
        301.86244282118,
        301.82162632018,
        301.84405317718
      ],
      "exit_codes": [
        0,
        0,
        0,
        0,
        0,
        0,
        0,
        0,
        0,
        0
      ]
    },
    {
      "command": "minizinc.exe invaders.mzn aliens8.mzn --time-limit 300000 --solver org.chuffed.chuffed",
      "mean": 302.13102269138,
      "stddev": 0.021360559009170277,
      "median": 302.12769457167997,
      "user": 0.003822064,
      "system": 0.007009377999999999,
      "min": 302.09979983218,
      "max": 302.16454703318,
      "times": [
        302.11476993518,
        302.09979983218,
        302.12738152218,
        302.12800762118,
        302.13665555918,
        302.16432296818,
        302.16454703318,
        302.14248327718,
        302.11445327418,
        302.11780589118
      ],
      "exit_codes": [
        0,
        0,
        0,
        0,
        0,
        0,
        0,
        0,
        0,
        0
      ]
    },
    {
      "command": "minizinc.exe invaders.mzn aliens9.mzn --time-limit 300000 --solver org.chuffed.chuffed",
      "mean": 302.33669998958004,
      "stddev": 0.028176721537636666,
      "median": 302.34460152068,
      "user": 0.0032537639999999993,
      "system": 0.007229731999999998,
      "min": 302.28621344618,
      "max": 302.38339819218,
      "times": [
        302.29538609218,
        302.34968052418,
        302.34491210718,
        302.34429093418,
        302.34971214118,
        302.38339819218,
        302.33248269418,
        302.35046029418,
        302.28621344618,
        302.33046347018
      ],
      "exit_codes": [
        0,
        0,
        0,
        0,
        0,
        0,
        0,
        0,
        0,
        0
      ]
    }
  ]
}
