{
  "results": [
    {
      "command": "minizinc.exe invaders.mzn aliens1.mzn --time-limit 300000",
      "mean": 0.7182374704,
      "stddev": 0.05877203550351618,
      "median": 0.6991441665,
      "user": 0.003073092,
      "system": 0.008355043999999999,
      "min": 0.6707896535,
      "max": 0.8391588115,
      "times": [
        0.6955046315,
        0.6769427965,
        0.8391588115,
        0.7066938524999999,
        0.6707896535,
        0.6857104995,
        0.7067291475,
        0.7027837015,
        0.6837119985,
        0.8143496115
      ],
      "exit_codes": [
        0,
        0,
        0,
        0,
        0,
        0,
        0,
        0,
        0,
        0
      ]
    },
    {
      "command": "minizinc.exe invaders.mzn aliens2.mzn --time-limit 300000",
      "mean": 23.5196062591,
      "stddev": 1.6241192637428556,
      "median": 22.598339736,
      "user": 0.0067396159999999995,
      "system": 0.002000704,
      "min": 21.972368009500002,
      "max": 25.982623728500002,
      "times": [
        25.6844053995,
        22.6930729595,
        23.7363145365,
        22.2387915925,
        21.972368009500002,
        22.3005070265,
        22.436280215500002,
        25.6480926105,
        25.982623728500002,
        22.503606512500003
      ],
      "exit_codes": [
        0,
        0,
        0,
        0,
        0,
        0,
        0,
        0,
        0,
        0
      ]
    },
    {
      "command": "minizinc.exe invaders.mzn aliens3.mzn --time-limit 300000",
      "mean": 300.49777267940004,
      "stddev": 0.06608289786481497,
      "median": 300.488662588,
      "user": 0.004475140000000001,
      "system": 0.006790175999999999,
      "min": 300.4152827705,
      "max": 300.6403908245,
      "times": [
        300.4152827705,
        300.4336092445,
        300.4857702635,
        300.51917456350003,
        300.44612499650003,
        300.54349186850004,
        300.4915549125,
        300.6403908245,
        300.5373547885,
        300.4649725615
      ],
      "exit_codes": [
        0,
        0,
        0,
        0,
        0,
        0,
        0,
        0,
        0,
        0
      ]
    },
    {
      "command": "minizinc.exe invaders.mzn aliens4.mzn --time-limit 300000",
      "mean": 300.91627654160004,
      "stddev": 0.06498712050349044,
      "median": 300.8993938185,
      "user": 0.008332139999999998,
      "system": 0.007352175999999999,
      "min": 300.8344385685,
      "max": 301.0347040845,
      "times": [
        300.92304728050004,
        300.8344385685,
        300.8776781055,
        300.9507534275,
        300.89240450650004,
        300.87275695150004,
        300.86020777050004,
        300.9063831305,
        301.01039159050003,
        301.0347040845
      ],
      "exit_codes": [
        0,
        0,
        0,
        0,
        0,
        0,
        0,
        0,
        0,
        0
      ]
    },
    {
      "command": "minizinc.exe invaders.mzn aliens5.mzn --time-limit 300000",
      "mean": 300.89769112690004,
      "stddev": 0.12095554005954097,
      "median": 300.86127100500005,
      "user": 0.0036147400000000004,
      "system": 0.009530644,
      "min": 300.7913697885,
      "max": 301.2024717215,
      "times": [
        300.82949873250004,
        300.85543830750004,
        300.8092722205,
        301.2024717215,
        300.93348397750003,
        300.7913697885,
        300.8368219985,
        300.9792498355,
        300.8671037025,
        300.8722009845
      ],
      "exit_codes": [
        0,
        0,
        0,
        0,
        0,
        0,
        0,
        0,
        0,
        0
      ]
    },
    {
      "command": "minizinc.exe invaders.mzn aliens6.mzn --time-limit 300000",
      "mean": 301.5091632019,
      "stddev": 0.18865838658168596,
      "median": 301.47036165099996,
      "user": 0.004557991999999999,
      "system": 0.009529776,
      "min": 301.1828980185,
      "max": 301.8977662355,
      "times": [
        301.64878008750003,
        301.1828980185,
        301.4679195435,
        301.5393315265,
        301.4240068005,
        301.4031866185,
        301.62818624050004,
        301.4728037585,
        301.8977662355,
        301.4267531895
      ],
      "exit_codes": [
        0,
        0,
        0,
        0,
        0,
        0,
        0,
        0,
        0,
        0
      ]
    },
    {
      "command": "minizinc.exe invaders.mzn aliens7.mzn --time-limit 300000",
      "mean": 301.71829746800006,
      "stddev": 0.18268525173069244,
      "median": 301.7394967765,
      "user": 0.007094716000000001,
      "system": 0.007168608000000002,
      "min": 301.4500561675,
      "max": 302.0885517045,
      "times": [
        301.7810558415,
        301.4512223315,
        301.74057934350003,
        301.64944464850004,
        301.8081603625,
        301.7658710225,
        302.0885517045,
        301.73841420950004,
        301.4500561675,
        301.70961904850003
      ],
      "exit_codes": [
        0,
        0,
        0,
        0,
        0,
        0,
        0,
        0,
        0,
        0
      ]
    },
    {
      "command": "minizinc.exe invaders.mzn aliens8.mzn --time-limit 300000",
      "mean": 302.57772682539996,
      "stddev": 0.3117952360650331,
      "median": 302.71320802950004,
      "user": 0.007409416,
      "system": 0.012477944000000001,
      "min": 302.1356312605,
      "max": 302.9304710555,
      "times": [
        302.1356312605,
        302.6726720205,
        302.7958801665,
        302.8379877185,
        302.75374403850003,
        302.8098101045,
        302.5108063325,
        302.14348231950004,
        302.9304710555,
        302.18678323750004
      ],
      "exit_codes": [
        0,
        0,
        0,
        0,
        0,
        0,
        0,
        0,
        0,
        0
      ]
    },
    {
      "command": "minizinc.exe invaders.mzn aliens9.mzn --time-limit 300000",
      "mean": 302.775128311,
      "stddev": 0.31564510444974386,
      "median": 302.7043709055,
      "user": 0.005825092,
      "system": 0.011821044,
      "min": 302.2996738805,
      "max": 303.4827209735,
      "times": [
        302.2996738805,
        303.4827209735,
        302.5986403315,
        302.7286269725,
        302.68093442950004,
        302.72780738150004,
        302.6733570375,
        302.83904781250004,
        303.0799983055,
        302.6404759855
      ],
      "exit_codes": [
        0,
        0,
        0,
        0,
        0,
        0,
        0,
        0,
        0,
        0
      ]
    },
    {
      "command": "minizinc.exe invaders.mzn aliens10.mzn --time-limit 300000",
      "mean": 307.35196831970006,
      "stddev": 0.347188726366504,
      "median": 307.34567757900004,
      "user": 0.004386792,
      "system": 0.019333812000000002,
      "min": 306.91660999550004,
      "max": 307.8223814335,
      "times": [
        307.4763859015,
        307.16264676450004,
        307.39541769650003,
        306.9734829875,
        306.91660999550004,
        306.9686965875,
        307.2959374615,
        307.7997662675,
        307.70835810150004,
        307.8223814335
      ],
      "exit_codes": [
        0,
        0,
        0,
        0,
        0,
        0,
        0,
        0,
        0,
        0
      ]
    }
  ]
}
