{
  "results": [
    {
      "command": "minizinc.exe invaders.mzn aliens1.mzn --time-limit 300000",
      "mean": 0.6715745971800001,
      "stddev": 0.022680225858774702,
      "median": 0.6773922620800001,
      "user": 0.0033281400000000003,
      "system": 0.005767444000000001,
      "min": 0.6378105300800001,
      "max": 0.70162628508,
      "times": [
        0.70162628508,
        0.6473576040800001,
        0.6830748430800001,
        0.65715962908,
        0.6472275620800001,
        0.6748735570800001,
        0.6799109670800001,
        0.6889822710800001,
        0.69772272308,
        0.6378105300800001
      ],
      "exit_codes": [
        0,
        0,
        0,
        0,
        0,
        0,
        0,
        0,
        0,
        0
      ]
    },
    {
      "command": "minizinc.exe invaders.mzn aliens2.mzn --time-limit 300000",
      "mean": 24.838066119279997,
      "stddev": 3.010429320642938,
      "median": 23.04343268708,
      "user": 0.008746016,
      "system": 0.0017415359999999997,
      "min": 22.41553904908,
      "max": 30.120907578079997,
      "times": [
        23.085967568079997,
        22.460032372079997,
        22.967961574079997,
        25.95165937308,
        22.737445737079998,
        22.41553904908,
        23.000897806079998,
        25.728272821079997,
        30.120907578079997,
        29.911977314079998
      ],
      "exit_codes": [
        0,
        0,
        0,
        0,
        0,
        0,
        0,
        0,
        0,
        0
      ]
    }
  ]
}
