{
  "results": [
    {
      "command": "minizinc.exe invaders.mzn aliens1.mzn --time-limit 300000 --solver org.chuffed.chuffed",
      "mean": 0.6610057636600001,
      "stddev": 0.016128322008462533,
      "median": 0.65837943176,
      "user": 0.003959139999999999,
      "system": 0.006413104,
      "min": 0.6368231117600001,
      "max": 0.6881491337600001,
      "times": [
        0.6472115367600001,
        0.6881491337600001,
        0.65997756476,
        0.65255248476,
        0.67520014776,
        0.65678129876,
        0.66519576676,
        0.6368231117600001,
        0.6799092357600001,
        0.6482573557600001
      ],
      "exit_codes": [
        0,
        0,
        0,
        0,
        0,
        0,
        0,
        0,
        0,
        0
      ]
    }
  ]
}
